C,SETP.WORLD,CO2EII_AVAILABLE_GENERATORS_WEB,AEMO,PUBLIC,2022/01/14,12:14:45,0000000356098590,,0000000356098575
I,CO2EII,PUBLISHING,1,STATIONNAME,DUID,GENSETID,REGIONID,CO2E_EMISSIONS_FACTOR,CO2E_ENERGY_SOURCE,CO2E_DATA_SOURCE
D,CO2EII,PUBLISHING,1,"West Nowra Landfill Gas Power Generation Facility",AGLNOW1,AGLNOW1,NSW1,0.08300000,"Landfill biogas methane","NGA 2020"
D,CO2EII,PUBLISHING,1,"AGL KEMPS CREEK",AGLSITA1,AGLSITA1,NSW1,0.08300000,"Landfill biogas methane","NGA 2020"
D,CO2EII,PUBLISHING,1,"Appin Power Plant",APPIN,APPIN,NSW1,0.56300000,"Coal seam methane","NGA 2020"
D,CO2EII,PUBLISHING,1,"Bango 973 Wind Farm",BANGOWF1,BANGOWF1,NSW1,0.00000000,Wind,"Estimate - Other"
D,CO2EII,PUBLISHING,1,"Bango 999 Wind Farm",BANGOWF2,BANGOWF2,NSW1,0.00000000,Wind,"Estimate - Other"
D,CO2EII,PUBLISHING,1,"Burrendong Hydro Power Station",BDONGHYD,BDONGHYD,NSW1,0.00000000,Hydro,ISP2020
D,CO2EII,PUBLISHING,1,"Beryl Solar Farm",BERYLSF1,BERYLSF1,NSW1,0.00000000,Solar,ISP2020
D,CO2EII,PUBLISHING,1,"Blowering Power Station",BLOWERNG,BLOWERNG,NSW1,0.00000000,Hydro,ISP2020
D,CO2EII,PUBLISHING,1,"Boco Rock Wind Farm",BOCORWF1,BOCORWF1,NSW1,0.00000000,Wind,ISP2020
D,CO2EII,PUBLISHING,1,"Bodangora Wind Farm",BODWF1,BODWF1,NSW1,0.00000000,Wind,ISP2020
D,CO2EII,PUBLISHING,1,"Bomen Solar Farm",BOMENSF1,BOMENSF1,NSW1,0.00000000,Solar,ISP2020
D,CO2EII,PUBLISHING,1,"Broken Hill Solar Plant",BROKENH1,BROKENH1,NSW1,0.00000000,Solar,ISP2020
D,CO2EII,PUBLISHING,1,"Broken Hill Solar Plant",BROKENH1,BROKENH2,NSW1,0.00000000,Solar,ISP2020
D,CO2EII,PUBLISHING,1,"Brown Mountain Hydro Power Station",BROWNMT,BROWNMT,NSW1,0.00000000,Hydro,ISP2020
D,CO2EII,PUBLISHING,1,"Burrinjuck Hydro Power Station",BURRIN,BURRIN1,NSW1,0.00000000,Hydro,ISP2020
D,CO2EII,PUBLISHING,1,"Bayswater Power Station",BW01,BW01,NSW1,0.91264312,"Black coal",ISP2020
D,CO2EII,PUBLISHING,1,"Bayswater Power Station",BW02,BW02,NSW1,0.91264312,"Black coal",ISP2020
D,CO2EII,PUBLISHING,1,"Bayswater Power Station",BW03,BW03,NSW1,0.91264312,"Black coal",ISP2020
D,CO2EII,PUBLISHING,1,"Bayswater Power Station",BW04,BW04,NSW1,0.91264312,"Black coal",ISP2020
D,CO2EII,PUBLISHING,1,"Broadwater Power Station",BWTR1,BWTR1,NSW1,0.01800000,Bagasse,"NGA 2020"
D,CO2EII,PUBLISHING,1,"Capital Wind Farm",CAPTL_WF,CAPTL_WF,NSW1,0.00000000,Wind,ISP2020
D,CO2EII,PUBLISHING,1,"Capital East Solar Farm",CESF1,CESF1,NSW1,0.00000000,Solar,ISP2020
D,CO2EII,PUBLISHING,1,"Colongra Power Station",CG1,CG1,NSW1,0.78256000,"Natural Gas (Pipeline)",ISP2020
D,CO2EII,PUBLISHING,1,"Colongra Power Station",CG3,CG3,NSW1,0.78256000,"Natural Gas (Pipeline)",ISP2020
D,CO2EII,PUBLISHING,1,"Coleambally Solar Farm",COLEASF1,COLEASF1,NSW1,0.00000000,Solar,ISP2020
D,CO2EII,PUBLISHING,1,"Collector Wind Farm",COLWF01,COLWF01,NSW1,0.00000000,Wind,ISP2020
D,CO2EII,PUBLISHING,1,"Collector Wind Farm",COLWF01,COLWF02,NSW1,0.00000000,Wind,ISP2020
D,CO2EII,PUBLISHING,1,"Condong Power Station",CONDONG1,CONDONG1,NSW1,0.01800000,Bagasse,"NGA 2020"
D,CO2EII,PUBLISHING,1,"Copeton Hydro Power Station",COPTNHYD,COPTNHYD,NSW1,0.00000000,Hydro,ISP2020
D,CO2EII,PUBLISHING,1,"Crookwell 2 Wind Farm",CROOKWF2,CROOKWF2,NSW1,0.00000000,Wind,ISP2020
D,CO2EII,PUBLISHING,1,"Crudine Ridge Wind Farm",CRURWF1,CRURWF1,NSW1,0.00000000,Wind,ISP2020
D,CO2EII,PUBLISHING,1,"Corowa Solar Farm",CRWASF1,CRWASF1,NSW1,0.00000000,Solar,"Estimate - Other"
D,CO2EII,PUBLISHING,1,"Cullerin Range Wind Farm",CULLRGWF,CULLRG01,NSW1,0.00000000,Wind,ISP2020
D,CO2EII,PUBLISHING,1,"Darlington Point Solar Farm",DARLSF1,DARLSF1,NSW1,0.00000000,Solar,ISP2020
D,CO2EII,PUBLISHING,1,"Eastern Creek LFG PS Units 1-4",EASTCRK,EASTCRK,NSW1,0.08300000,"Landfill biogas methane","NGA 2020"
D,CO2EII,PUBLISHING,1,"Eastern Creek 2 Gas Utilisation Facility",EASTCRK2,EASTCRK2,NSW1,0.08300000,"Landfill biogas methane","NGA 2020"
D,CO2EII,PUBLISHING,1,"ERARING POWER STATION",ER01,ER01,NSW1,0.91014305,"Black coal",ISP2020
D,CO2EII,PUBLISHING,1,"ERARING POWER STATION",ER02,ER02,NSW1,0.91014305,"Black coal",ISP2020
D,CO2EII,PUBLISHING,1,"ERARING POWER STATION",ER03,ER03,NSW1,0.91014305,"Black coal",ISP2020
D,CO2EII,PUBLISHING,1,"ERARING POWER STATION",ER04,ER04,NSW1,0.91014305,"Black coal",ISP2020
D,CO2EII,PUBLISHING,1,"ERARING POWER STATION",ERNL1,ERNL1,NSW1,0.91014305,"Black coal",ISP2020
D,CO2EII,PUBLISHING,1,"Finely Solar Farm",FINLYSF1,FINLYSF1,NSW1,0.00000000,Solar,ISP2020
D,CO2EII,PUBLISHING,1,"Broken Hill Gas Turbines",GB01,GB01,NSW1,0.61800000,"Natural Gas (Pipeline)","NGA 2020"
D,CO2EII,PUBLISHING,1,"Glenbawn Hydro Power Station",GLBWNHYD,GLBWNHYD,NSW1,0.00000000,Hydro,ISP2020
D,CO2EII,PUBLISHING,1,"Glennies Creek Power Station",GLENNCRK,GLENNCRK,NSW1,0.72600000,"Coal mine waste gas","NGA 2020"
D,CO2EII,PUBLISHING,1,"Gunnedah Solar Farm",GNNDHSF1,GNNDHSF1,NSW1,0.00000000,Solar,"ISP 2020"
D,CO2EII,PUBLISHING,1,"Goonumbla Solar Farm",GOONSF1,GOONSF1,NSW1,0.00000000,Solar,ISP2020
D,CO2EII,PUBLISHING,1,"Grange Avenue Landfill Gas Power Station",GRANGEAV,GRANGEAV,NSW1,0.08300000,"Landfill biogas methane","NGA 2020"
D,CO2EII,PUBLISHING,1,"Griffith Solar Farm",GRIFSF1,GRIFSF1,NSW1,0.00000000,Solar,ISP2020
D,CO2EII,PUBLISHING,1,"Gullen Range Wind Farm",GULLRSF1,GULLRSF1,NSW1,0.00000000,Solar,ISP2020
D,CO2EII,PUBLISHING,1,"Gullen Range Wind Farm",GULLRWF1,GULLRWF1,NSW1,0.00000000,Wind,ISP2020
D,CO2EII,PUBLISHING,1,"Gullen Range Wind Farm",GULLRWF2,GULLRWF2,NSW1,0.00000000,Wind,ISP2020
D,CO2EII,PUBLISHING,1,"Gunning Wind Farm",GUNNING1,GUNNING1,NSW1,0.00000000,Wind,ISP2020
D,CO2EII,PUBLISHING,1,"Guthega Power Station",GUTHEGA,GUTHEGA,NSW1,0.00000000,Hydro,ISP2020
D,CO2EII,PUBLISHING,1,"Guthega Power Station",GUTHNL1,GUTHNL1,NSW1,0.00000000,Hydro,ISP2020
D,CO2EII,PUBLISHING,1,"Hunter Economic Zone",HEZ1,HEZ1,NSW1,0.80000000,"Diesel oil","NGA 2020"
D,CO2EII,PUBLISHING,1,"Hillston Sun Farm",HILLSTN1,HILLSTN1,NSW1,0.00000000,Solar,"ISP 2020"
D,CO2EII,PUBLISHING,1,"Hume (NSW) Hydro Power Station",HUMENSW,HUMENSW1,NSW1,0.00000000,Hydro,ISP2020
D,CO2EII,PUBLISHING,1,"Hunter Valley Gas Turbine",HVGTS,GH01,NSW1,0.93300429,"Kerosene - non aviation",ISP2020
D,CO2EII,PUBLISHING,1,"Hunter Valley Gas Turbine",HVGTS,GH02,NSW1,0.93300429,"Kerosene - non aviation",ISP2020
D,CO2EII,PUBLISHING,1,"Jacks Gully Landfill Gas Power Station",JACKSGUL,JACKSGUL,NSW1,0.08300000,"Landfill biogas methane","NGA 2020"
D,CO2EII,PUBLISHING,1,"Jemalong Solar Project",JEMALNG1,JEMALNG1,NSW1,0.00000000,Solar,ISP2020
D,CO2EII,PUBLISHING,1,"Jindabyne Small Hydro Power Station",JNDABNE1,JNDABNE1,NSW1,0.00000000,Hydro,ISP2020
D,CO2EII,PUBLISHING,1,"Jounama Small Hydro Power Station",JOUNAMA1,JOUNAMA1,NSW1,0.00000000,Hydro,ISP2020
D,CO2EII,PUBLISHING,1,"Junee Solar Farm",JUNEESF1,JUNEESF1,NSW1,0.00000000,Solar,"ISP 2020"
D,CO2EII,PUBLISHING,1,"Keepit Hydro Power Station",KEEPIT,KEEPIT,NSW1,0.00000000,Hydro,ISP2020
D,CO2EII,PUBLISHING,1,"Liddell Power Station",LD01,LD01,NSW1,0.98059172,"Black coal",ISP2020
D,CO2EII,PUBLISHING,1,"Liddell Power Station",LD02,LD02,NSW1,0.98059172,"Black coal",ISP2020
D,CO2EII,PUBLISHING,1,"Liddell Power Station",LD03,LD03,NSW1,0.98059172,"Black coal",ISP2020
D,CO2EII,PUBLISHING,1,"Liddell Power Station",LD04,LD04,NSW1,0.98059172,"Black coal",ISP2020
D,CO2EII,PUBLISHING,1,"Liddell Power Station",LIDDNL1,LIDDNL1,NSW1,0.98059172,"Black coal",ISP2020
D,CO2EII,PUBLISHING,1,"Limondale Solar Farm 1",LIMOSF11,LIMOSF11,NSW1,0.00000000,Solar,ISP2020
D,CO2EII,PUBLISHING,1,"Limondale Solar Farm 2",LIMOSF21,LIMOSF21,NSW1,0.00000000,Solar,ISP2020
D,CO2EII,PUBLISHING,1,"Lucas Heights 2 Power Station",LUCAS2S2,LUCAS2S2,NSW1,0.08300000,"Landfill biogas methane","NGA 2020"
D,CO2EII,PUBLISHING,1,"Lucas Heights 2 Power Station",LUCASHGT,LUCASHGT,NSW1,0.08300000,"Landfill biogas methane","NGA 2020"
D,CO2EII,PUBLISHING,1,"Manildra Solar Farm",MANSLR1,MANSLR1,NSW1,0.00000000,Solar,ISP2020
D,CO2EII,PUBLISHING,1,"Manildra Solar Farm",MANSLR1,MANSLR2,NSW1,0.00000000,Solar,ISP2020
D,CO2EII,PUBLISHING,1,"Mugga Lane Solar Park",MLSP1,MLSP1,NSW1,0.00000000,Solar,ISP2020
D,CO2EII,PUBLISHING,1,"Molong Solar Farm",MOLNGSF1,MOLNGSF1,NSW1,0.00000000,Solar,ISP2020
D,CO2EII,PUBLISHING,1,"MOREE SOLAR FARM",MOREESF1,MOREESF1,NSW1,0.00000000,Solar,ISP2020
D,CO2EII,PUBLISHING,1,"MT PIPER POWER STATION",MP1,MP1,NSW1,0.90851838,"Black coal",ISP2020
D,CO2EII,PUBLISHING,1,"MT PIPER POWER STATION",MP2,MP2,NSW1,0.90851838,"Black coal",ISP2020
D,CO2EII,PUBLISHING,1,"MT PIPER POWER STATION",MPNL1,MPNL1,NSW1,0.90851838,"Black coal",ISP2020
D,CO2EII,PUBLISHING,1,"Narromine Solar Farm",NASF1,NASF1,NSW1,0.00000000,Solar,ISP2020
D,CO2EII,PUBLISHING,1,"NEVERTIRE SOLAR FARM",NEVERSF1,NEVERSF1,NSW1,0.00000000,Solar,ISP2020
D,CO2EII,PUBLISHING,1,"Nyngan Solar Plant",NYNGAN1,NYNGAN1,NSW1,0.00000000,Solar,ISP2020
D,CO2EII,PUBLISHING,1,"Parkes Solar Farm",PARSF1,PARSF1,NSW1,0.00000000,Solar,ISP2020
D,CO2EII,PUBLISHING,1,"Pindari Hydro Power Station",PINDARI,PINDARI,NSW1,0.00000000,Hydro,ISP2020
D,CO2EII,PUBLISHING,1,"Royalla Solar Farm",ROYALLA1,ROYALLA1,NSW1,0.00000000,Solar,ISP2020
D,CO2EII,PUBLISHING,1,"Sapphire Wind Farm",SAPHWF1,SAPHWF1,NSW1,0.00000000,Wind,ISP2020
D,CO2EII,PUBLISHING,1,"Sapphire Wind Farm",SAPHWF1,SAPHWF2,NSW1,0.00000000,Wind,ISP2020
D,CO2EII,PUBLISHING,1,"Sebastopol Solar Farm",SEBSF1,SEBSF1,NSW1,0.00000000,Solar,"ISP 2020"
D,CO2EII,PUBLISHING,1,"Shoalhaven Power Station (Bendeela And Kangaroo Valley Power Station And Pumps)",SHGEN,SH01,NSW1,0.00000000,Hydro,ISP2020
D,CO2EII,PUBLISHING,1,"Shoalhaven Power Station (Bendeela And Kangaroo Valley Power Station And Pumps)",SHGEN,SH02,NSW1,0.00000000,Hydro,ISP2020
D,CO2EII,PUBLISHING,1,"Shoalhaven Power Station (Bendeela And Kangaroo Valley Power Station And Pumps)",SHGEN,SH03,NSW1,0.00000000,Hydro,ISP2020
D,CO2EII,PUBLISHING,1,"SMITHFIELD ENERGY FACILITY",SITHE01,SITHE01,NSW1,0.58773951,"Natural Gas (Pipeline)",ISP2020
D,CO2EII,PUBLISHING,1,"SMITHFIELD ENERGY FACILITY",SITHE01,SITHE02,NSW1,0.58773951,"Natural Gas (Pipeline)",ISP2020
D,CO2EII,PUBLISHING,1,"SMITHFIELD ENERGY FACILITY",SITHE01,SITHE03,NSW1,0.58773951,"Natural Gas (Pipeline)",ISP2020
D,CO2EII,PUBLISHING,1,"SMITHFIELD ENERGY FACILITY",SITHE01,SITHE04,NSW1,0.58773951,"Natural Gas (Pipeline)",ISP2020
D,CO2EII,PUBLISHING,1,"South Keswick Solar Farm",SKSF1,SKSF1,NSW1,0.00000000,Solar,ISP2020
D,CO2EII,PUBLISHING,1,"St George Leagues Plant",STGEORG1,STGEORG1,NSW1,0.78500000,"Diesel oil","NGA 2020"
D,CO2EII,PUBLISHING,1,"Silverton Wind Farm",STWF1,STWF1,NSW1,0.00000000,Wind,ISP2020
D,CO2EII,PUBLISHING,1,"Sunraysia Solar Farm",SUNRSF1,SUNRSF1,NSW1,0.00000000,Solar,ISP2020
D,CO2EII,PUBLISHING,1,"Suntop Solar Farm",SUNTPSF1,SUNTPSF1,NSW1,0.00000000,Solar,"ISP 2020"
D,CO2EII,PUBLISHING,1,"Tahmoor Waste Coal Mine Gas Power Station",TAHMOOR1,TAHMOOR1,NSW1,0.72600000,"Coal mine waste gas","NGA 2020"
D,CO2EII,PUBLISHING,1,"Tallawarra Power Station",TALWA1,TALLA1,NSW1,0.44753472,"Natural Gas (Pipeline)",ISP2020
D,CO2EII,PUBLISHING,1,"Taralga Wind Farm",TARALGA1,TARALGA1,NSW1,0.00000000,Wind,ISP2020
D,CO2EII,PUBLISHING,1,"The Drop Power Station",THEDROP1,THEDROP1,NSW1,0.00000000,Hydro,ISP2020
D,CO2EII,PUBLISHING,1,"Tower Power Plant",TOWER,TOWER,NSW1,0.56300000,"Coal seam methane","NGA 2020"
D,CO2EII,PUBLISHING,1,"Tumut 3 Power Station",TUMT3NL1,TUMT3NL1,NSW1,0.00000000,Hydro,ISP2020
D,CO2EII,PUBLISHING,1,"Tumut 3 Power Station",TUMT3NL2,TUMT3NL2,NSW1,0.00000000,Hydro,ISP2020
D,CO2EII,PUBLISHING,1,"Tumut 3 Power Station",TUMT3NL3,TUMT3NL3,NSW1,0.00000000,Hydro,ISP2020
D,CO2EII,PUBLISHING,1,"Tumut 3 Power Station",TUMUT3,TUMUT3,NSW1,0.00000000,Hydro,ISP2020
D,CO2EII,PUBLISHING,1,"Tumut Power Station",UPPTUMUT,UPPTUMUT,NSW1,0.00000000,Hydro,ISP2020
D,CO2EII,PUBLISHING,1,"Uranquinty Power Station",URANQ11,URANQ11,NSW1,0.72427163,"Natural Gas (Pipeline)",ISP2020
D,CO2EII,PUBLISHING,1,"Uranquinty Power Station",URANQ12,URANQ12,NSW1,0.72427163,"Natural Gas (Pipeline)",ISP2020
D,CO2EII,PUBLISHING,1,"Uranquinty Power Station",URANQ13,URANQ13,NSW1,0.72427163,"Natural Gas (Pipeline)",ISP2020
D,CO2EII,PUBLISHING,1,"Uranquinty Power Station",URANQ14,URANQ14,NSW1,0.72427163,"Natural Gas (Pipeline)",ISP2020
D,CO2EII,PUBLISHING,1,"Vales Point ""B"" Power Station",VP5,VP5,NSW1,0.90830509,"Black coal",ISP2020
D,CO2EII,PUBLISHING,1,"Vales Point ""B"" Power Station",VP6,VP6,NSW1,0.90830509,"Black coal",ISP2020
D,CO2EII,PUBLISHING,1,"Vales Point ""B"" Power Station",VPNL1,VPNL1,NSW1,0.90830509,"Black coal",ISP2020
D,CO2EII,PUBLISHING,1,"Wagga North Solar Farm",WAGGNSF1,WAGGNSF1,NSW1,0.00000000,Solar,"ISP 2020"
D,CO2EII,PUBLISHING,1,"Wallgrove BESS 1",WALGRVG1,WALGRVG1,NSW1,0.00000000,"Battery Storage","ISP 2020"
D,CO2EII,PUBLISHING,1,"Woodlawn Bioreactor Energy Generation Station",WDLNGN01,WDLNGN01,NSW1,0.08300000,"Landfill biogas methane","NGA 2020"
D,CO2EII,PUBLISHING,1,"Wellington Solar Farm",WELLSF1,WELLSF1,NSW1,0.00000000,Solar,ISP2020
D,CO2EII,PUBLISHING,1,"Western Suburbs League Club (Campbelltown) Plant",WESTCBT1,WESTCBT1,NSW1,0.78500000,"Diesel oil","NGA 2020"
D,CO2EII,PUBLISHING,1,"West Illawarra Leagues Club Plant",WESTILL1,WESTILL1,NSW1,0.78500000,"Diesel oil","NGA 2020"
D,CO2EII,PUBLISHING,1,"West Illawarra Leagues Club Plant",WESTILL1,WESTILL2,NSW1,0.78500000,"Diesel oil","NGA 2020"
D,CO2EII,PUBLISHING,1,"Wilga Park Power Station",WILGAPK,WILGAPK1,NSW1,0.56300000,"Coal Seam Methane","NGA 2020"
D,CO2EII,PUBLISHING,1,"Wilga Park B",WILGB01,WILGB01,NSW1,0.56300000,"Coal seam methane","NGA 2020"
D,CO2EII,PUBLISHING,1,"Woodlawn Wind Farm",WOODLWN1,WOODLWN1,NSW1,0.00000000,Wind,ISP2020
D,CO2EII,PUBLISHING,1,"White Rock Solar Farm",WRSF1,WRSF1,NSW1,0.00000000,Solar,ISP2020
D,CO2EII,PUBLISHING,1,"White Rock Wind Farm",WRWF1,WRWF1,NSW1,0.00000000,Wind,ISP2020
D,CO2EII,PUBLISHING,1,"Wyangala A Power Station",WYANGALA,WYANGALA,NSW1,0.00000000,Hydro,ISP2020
D,CO2EII,PUBLISHING,1,"Wyangala B Power Station",WYANGALB,WYANGALB,NSW1,0.00000000,Hydro,ISP2020
D,CO2EII,PUBLISHING,1,"Baking Board Solar Farm",BAKING1,BAKING1,QLD1,0.00000000,Solar,ISP2020
D,CO2EII,PUBLISHING,1,"Barcaldine Power Station",BARCALDN,BARCALDN,QLD1,1.09923943,"Natural Gas (Pipeline)",ISP2020
D,CO2EII,PUBLISHING,1,"Barcaldine Solar Farm",BARCSF1,BARCSF1,QLD1,0.00000000,Solar,ISP2020
D,CO2EII,PUBLISHING,1,"Barcaldine Solar Farm",BARCSF1,BARCSF2,QLD1,0.00000000,Solar,ISP2020
D,CO2EII,PUBLISHING,1,"Barron Gorge Power Station",BARRON-1,BARRON-1,QLD1,0.00000000,Hydro,ISP2020
D,CO2EII,PUBLISHING,1,"Barron Gorge Power Station",BARRON-2,BARRON-2,QLD1,0.00000000,Hydro,ISP2020
D,CO2EII,PUBLISHING,1,"Browns Plains Landfill Gas PS",BPLANDF1,BPLANDF1,QLD1,0.08300000,"Landfill biogas methane","NGA 2020"
D,CO2EII,PUBLISHING,1,"Braemar Power Station",BRAEMAR1,BRAEMAR1,QLD1,0.66314160,"Coal seam methane",ISP2020
D,CO2EII,PUBLISHING,1,"Braemar Power Station",BRAEMAR2,BRAEMAR2,QLD1,0.66314160,"Coal seam methane",ISP2020
D,CO2EII,PUBLISHING,1,"BRAEMAR 2 POWER STATION",BRAEMAR5,BRAEMG5,QLD1,0.66314160,"Coal seam methane",ISP2020
D,CO2EII,PUBLISHING,1,"BRAEMAR 2 POWER STATION",BRAEMAR7,BRAEMG7,QLD1,0.66314160,"Coal seam methane",ISP2020
D,CO2EII,PUBLISHING,1,"Callide Power Station",CALL_A_4,CALL_A_4,QLD1,0.93134349,"Black coal",ISP2020
D,CO2EII,PUBLISHING,1,"Callide Power Station",CALL_B_1,CALL_B_1,QLD1,0.93134349,"Black coal",ISP2020
D,CO2EII,PUBLISHING,1,"Callide Power Station",CALL_B_2,CALL_B_2,QLD1,0.93134349,"Black coal",ISP2020
D,CO2EII,PUBLISHING,1,"Callide Power Station",CALLNL1,CALLNL1,QLD1,0.93134349,"Black coal",ISP2020
D,CO2EII,PUBLISHING,1,"Childers Solar Farm",CHILDSF1,CHILDSF1,QLD1,0.00000000,Solar,ISP2020
D,CO2EII,PUBLISHING,1,"Clare Solar Farm",CLARESF1,CLARESF1,QLD1,0.00000000,Solar,ISP2020
D,CO2EII,PUBLISHING,1,"Clermont Solar Farm",CLERMSF1,CLERMSF1,QLD1,0.00000000,Solar,ISP2020
D,CO2EII,PUBLISHING,1,"Coopers Gap Wind Farm",COOPGWF1,COOPGWF1,QLD1,0.00000000,Wind,ISP2020
D,CO2EII,PUBLISHING,1,"Coopers Gap Wind Farm",COOPGWF1,COOPGWF2,QLD1,0.00000000,Wind,ISP2020
D,CO2EII,PUBLISHING,1,"CALLIDE C NETT OFF",CPP_3,CPP_3,QLD1,0.90691200,"Black coal",ISP2020
D,CO2EII,PUBLISHING,1,"CALLIDE C NETT OFF",CPP_4,CPP_4,QLD1,0.90691200,"Black coal",ISP2020
D,CO2EII,PUBLISHING,1,"Condamine Power Station A",CPSA,CPSA1,QLD1,0.51106875,"Natural Gas (Pipeline)",ISP2020
D,CO2EII,PUBLISHING,1,"Condamine Power Station A",CPSA,CPSA2,QLD1,0.51106875,"Natural Gas (Pipeline)",ISP2020
D,CO2EII,PUBLISHING,1,"Condamine Power Station A",CPSA,CPSA3,QLD1,0.51106875,"Natural Gas (Pipeline)",ISP2020
D,CO2EII,PUBLISHING,1,"Collinsville Solar PV Power Station",CSPVPS1,CSPVPS1,QLD1,0.00000000,Solar,ISP2020
D,CO2EII,PUBLISHING,1,"Daandine Power Station",DAANDINE,DAANDINE,QLD1,0.56300000,"Coal seam methane","NGA 2020"
D,CO2EII,PUBLISHING,1,"Daydream Solar Farm",DAYDSF1,DAYDSF1,QLD1,0.00000000,Solar,ISP2020
D,CO2EII,PUBLISHING,1,"Daydream Solar Farm",DAYDSF1,DAYDSF2,QLD1,0.00000000,Solar,ISP2020
D,CO2EII,PUBLISHING,1,"Darling Downs Power Station",DDPS1,DDPS0,QLD1,0.47758539,"Natural Gas (Pipeline)",ISP2020
D,CO2EII,PUBLISHING,1,"Darling Downs Power Station",DDPS1,DDPS1,QLD1,0.47758539,"Natural Gas (Pipeline)",ISP2020
D,CO2EII,PUBLISHING,1,"Darling Downs Power Station",DDPS1,DDPS2,QLD1,0.47758539,"Natural Gas (Pipeline)",ISP2020
D,CO2EII,PUBLISHING,1,"Darling Downs Power Station",DDPS1,DDPS3,QLD1,0.47758539,"Natural Gas (Pipeline)",ISP2020
D,CO2EII,PUBLISHING,1,"Darling Downs Solar Farm",DDSF1,DDSF1,QLD1,0.00000000,Solar,ISP2020
D,CO2EII,PUBLISHING,1,"Emerald Solar Park",EMERASF1,EMERASF1,QLD1,0.00000000,Solar,ISP2020
D,CO2EII,PUBLISHING,1,"Gangarri Solar Farm",GANGARR1,GANGARR1,QLD1,0.00000000,Solar,"Estimate - Other"
D,CO2EII,PUBLISHING,1,"German Creek Power Station",GERMCRK,GERMCRK,QLD1,0.08300000,"Landfill biogas methane","NGA 2020"
D,CO2EII,PUBLISHING,1,"GLADSTONE POWER STATION",GLADNL1,GLADNL1,QLD1,0.97176136,"Black coal",ISP2020
D,CO2EII,PUBLISHING,1,"Grosvenor 1 Waste Coal Mine Gas Power Station",GROSV1,GROSV1,QLD1,0.72600000,"Coal mine waste gas","NGA 2020"
D,CO2EII,PUBLISHING,1,"Grosvenor 2",GROSV2,GROSV2,QLD1,0.72600000,"Coal mine waste gas","NGA 2020"
D,CO2EII,PUBLISHING,1,"GLADSTONE POWER STATION",GSTONE1,GSTONE1,QLD1,0.97176136,"Black coal",ISP2020
D,CO2EII,PUBLISHING,1,"GLADSTONE POWER STATION",GSTONE2,GSTONE2,QLD1,0.97176136,"Black coal",ISP2020
D,CO2EII,PUBLISHING,1,"GLADSTONE POWER STATION",GSTONE3,GSTONE3,QLD1,0.97176136,"Black coal",ISP2020
D,CO2EII,PUBLISHING,1,"GLADSTONE POWER STATION",GSTONE4,GSTONE4,QLD1,0.97176136,"Black coal",ISP2020
D,CO2EII,PUBLISHING,1,"GLADSTONE POWER STATION",GSTONE5,GSTONE5,QLD1,0.97176136,"Black coal",ISP2020
D,CO2EII,PUBLISHING,1,"GLADSTONE POWER STATION",GSTONE6,GSTONE6,QLD1,0.97176136,"Black coal",ISP2020
D,CO2EII,PUBLISHING,1,"Hamilton Solar Farm",HAMISF1,HAMISF1,QLD1,0.00000000,Solar,ISP2020
D,CO2EII,PUBLISHING,1,"Haughton Solar Farm Stage 1, Units 1-81",HAUGHT11,HAUGHT11,QLD1,0.00000000,Solar,ISP2020
D,CO2EII,PUBLISHING,1,"Hayman Solar Farm",HAYMSF1,HAYMSF1,QLD1,0.00000000,Solar,ISP2020
D,CO2EII,PUBLISHING,1,"Hughenden Solar Farm",HUGSF1,HUGSF1,QLD1,0.00000000,Solar,ISP2020
D,CO2EII,PUBLISHING,1,"Hughenden Solar Farm",HUGSF1,HUGSF2,QLD1,0.00000000,Solar,ISP2020
D,CO2EII,PUBLISHING,1,"ISIS Central Sugar Mill Co-generation Plant",ICSM,ICSM,QLD1,0.01800000,Bagasse,"NGA 2020"
D,CO2EII,PUBLISHING,1,"KAREEYA POWER STATION",KAREEYA1,KAREEYA1,QLD1,0.00000000,Hydro,ISP2020
D,CO2EII,PUBLISHING,1,"KAREEYA POWER STATION",KAREEYA2,KAREEYA2,QLD1,0.00000000,Hydro,ISP2020
D,CO2EII,PUBLISHING,1,"KAREEYA POWER STATION",KAREEYA5,KAREEYA5,QLD1,0.00000000,Hydro,ISP2020
D,CO2EII,PUBLISHING,1,"Kennedy Energy Park",KEPBG1,KEPBG1,QLD1,0.00000000,"Battery Storage","Estimate - Other"
D,CO2EII,PUBLISHING,1,"Kennedy Energy Park",KEPSF1,KEPSF1,QLD1,0.00000000,Solar,"Estimate - Other"
D,CO2EII,PUBLISHING,1,"Kennedy Energy Park",KEPWF1,KEPWF1,QLD1,0.00000000,Wind,"Estimate - Other"
D,CO2EII,PUBLISHING,1,"Kogan Creek Power Station",KPP_1,KPP_1,QLD1,0.83104000,"Black coal",ISP2020
D,CO2EII,PUBLISHING,1,"Kidston Solar Project",KSP1,KSP1,QLD1,0.00000000,Solar,ISP2020
D,CO2EII,PUBLISHING,1,"Lilyvale Solar Farm",LILYSF1,LILYSF1,QLD1,0.00000000,Solar,ISP2020
D,CO2EII,PUBLISHING,1,"Longreach Solar Farm",LRSF1,LRSF1,QLD1,0.00000000,Solar,ISP2020
D,CO2EII,PUBLISHING,1,"Maryrorough Solar Farm",MARYRSF1,MARYRSF1,QLD1,0.00000000,Solar,ISP2020
D,CO2EII,PUBLISHING,1,"Moranbah North Waste Coal Mine Gas Power Station",MBAHNTH,MBAHNTH,QLD1,0.72600000,"Coal mine waste gas","NGA 2020"
D,CO2EII,PUBLISHING,1,"Mount Emerald Wind Farm",MEWF1,MEWF1,QLD1,0.00000000,Wind,ISP2020
D,CO2EII,PUBLISHING,1,"Middlemount Solar Farm",MIDDLSF1,MIDDLSF1,QLD1,0.00000000,Solar,ISP2020
D,CO2EII,PUBLISHING,1,"Moranbah Generation Project",MORANBAH,MORANBAH,QLD1,0.56300000,"Coal seam methane","NGA 2020"
D,CO2EII,PUBLISHING,1,"Millmerran Power Plant",MPP_1,MPP_1,QLD1,0.84159805,"Black coal",ISP2020
D,CO2EII,PUBLISHING,1,"Millmerran Power Plant",MPP_2,MPP_2,QLD1,0.84159805,"Black coal",ISP2020
D,CO2EII,PUBLISHING,1,"Mt Stuart Power Station",MSTUART1,MSTUART1,QLD1,0.99863280,"Kerosene - non aviation",ISP2020
D,CO2EII,PUBLISHING,1,"Mt Stuart Power Station",MSTUART2,MSTUART2,QLD1,0.99863280,"Kerosene - non aviation",ISP2020
D,CO2EII,PUBLISHING,1,"Mt Stuart Power Station",MSTUART3,MSTUART3,QLD1,0.99863280,"Kerosene - non aviation",ISP2020
D,CO2EII,PUBLISHING,1,"OAKEY POWER STATION",OAKEY1,OAKEY1,QLD1,0.84527362,"Natural Gas (Pipeline)",ISP2020
D,CO2EII,PUBLISHING,1,"Oakey 1 Solar Farm",OAKEY1SF,OAKEY1SF,QLD1,0.00000000,Solar,ISP2020
D,CO2EII,PUBLISHING,1,"OAKEY POWER STATION",OAKEY2,OAKEY2,QLD1,0.84527362,"Natural Gas (Pipeline)",ISP2020
D,CO2EII,PUBLISHING,1,"Oakey 2 Solar Farm",OAKEY2SF,OAKEY2SF,QLD1,0.00000000,Solar,ISP2020
D,CO2EII,PUBLISHING,1,"Oaky Creek 2",OAKY2,OAKY2_1,QLD1,0.72600000,"Coal mine waste gas","NGA 2020"
D,CO2EII,PUBLISHING,1,"Oaky Creek Power Station",OAKYCREK,OCPS,QLD1,0.61800000,"Natural Gas (Pipeline)","NGA 2020"
D,CO2EII,PUBLISHING,1,"Roma Gas Turbine Station",ROMA_7,ROMA_7,QLD1,0.75651840,"Natural Gas (Pipeline)",ISP2020
D,CO2EII,PUBLISHING,1,"Roma Gas Turbine Station",ROMA_8,ROMA_8,QLD1,0.75651840,"Natural Gas (Pipeline)",ISP2020
D,CO2EII,PUBLISHING,1,"Rocky Point Cogeneration Plant",RPCG,RPCG,QLD1,0.02300000,"Biomass and industrial materials","NGA 2020"
D,CO2EII,PUBLISHING,1,"Ross River Solar Farm",RRSF1,RRSF1,QLD1,0.00000000,Solar,ISP2020
D,CO2EII,PUBLISHING,1,"Rugby Run Solar Farm",RUGBYR1,RUGBYR1,QLD1,0.00000000,Solar,ISP2020
D,CO2EII,PUBLISHING,1,"Sun Metals Solar Farm",SMCSF1,SMCSF1,QLD1,0.00000000,Solar,"ISP 2020"
D,CO2EII,PUBLISHING,1,"Sun Metals Solar Farm",SMCSF1,SMCSF2,QLD1,0.00000000,Solar,"ISP 2020"
D,CO2EII,PUBLISHING,1,"Susan River Solar Farm",SRSF1,SRSF1,QLD1,0.00000000,Solar,ISP2020
D,CO2EII,PUBLISHING,1,"STANWELL POWER STATION",STAN-1,STAN-1,QLD1,0.87219000,"Black coal",ISP2020
D,CO2EII,PUBLISHING,1,"STANWELL POWER STATION",STAN-2,STAN-2,QLD1,0.87219000,"Black coal",ISP2020
D,CO2EII,PUBLISHING,1,"STANWELL POWER STATION",STAN-3,STAN-3,QLD1,0.87219000,"Black coal",ISP2020
D,CO2EII,PUBLISHING,1,"STANWELL POWER STATION",STAN-4,STAN-4,QLD1,0.87219000,"Black coal",ISP2020
D,CO2EII,PUBLISHING,1,"STANWELL POWER STATION",STANNL1,STANNL1,QLD1,0.87219000,"Black coal",ISP2020
D,CO2EII,PUBLISHING,1,"Stapylton Renewable Energy Facility",STAPYLTON1,STAPYLTON1,QLD1,0.08300000,"Landfill biogas methane","NGA 2020"
D,CO2EII,PUBLISHING,1,"Swanbank B Power Station & Swanbank E Gas Turbine",SWAN_E,SWAN_E,QLD1,0.42795234,"Natural Gas (Pipeline)",ISP2020
D,CO2EII,PUBLISHING,1,"TARONG POWER STATION",TARNL1,TARNL1,QLD1,0.87145856,"Black coal",ISP2020
D,CO2EII,PUBLISHING,1,"TARONG POWER STATION",TARONG#1,TARONG#1,QLD1,0.87145856,"Black coal",ISP2020
D,CO2EII,PUBLISHING,1,"TARONG POWER STATION",TARONG#2,TARONG#2,QLD1,0.87145856,"Black coal",ISP2020
D,CO2EII,PUBLISHING,1,"TARONG POWER STATION",TARONG#3,TARONG#3,QLD1,0.87145856,"Black coal",ISP2020
D,CO2EII,PUBLISHING,1,"TARONG POWER STATION",TARONG#4,TARONG#4,QLD1,0.87145856,"Black coal",ISP2020
D,CO2EII,PUBLISHING,1,"Veolia Ti Tree Bio Reactor",TITREE,TITREE,QLD1,0.08300000,"Landfill biogas methane","NGA 2020"
D,CO2EII,PUBLISHING,1,"Tarong North Power Station",TNPS1,TNPS1,QLD1,0.84375551,"Black coal",ISP2020
D,CO2EII,PUBLISHING,1,SCSF,VALDORA1,VALDORA1,QLD1,0.00000000,Solar,ISP2020
D,CO2EII,PUBLISHING,1,"WIVENHOE POWER STATION",W/HOE#1,W/HOE#1,QLD1,0.00000000,Hydro,ISP2020
D,CO2EII,PUBLISHING,1,"WIVENHOE POWER STATION",W/HOE#2,W/HOE#2,QLD1,0.00000000,Hydro,ISP2020
D,CO2EII,PUBLISHING,1,"Wandoan BESS",WANDBG1,WANDBG1,QLD1,0.00000000,"Battery Storage","ISP 2020"
D,CO2EII,PUBLISHING,1,"WARWICK SOLAR FARM 1",WARWSF1,WARWSF1,QLD1,0.00000000,Solar,ISP2020
D,CO2EII,PUBLISHING,1,"WARWICK SOLAR FARM 2",WARWSF2,WARWSF2,QLD1,0.00000000,Solar,ISP2020
D,CO2EII,PUBLISHING,1,"Western Downs GPH",WDGPH1,WDGPH1,QLD1,0.00000000,Solar,"Estimate - Other"
D,CO2EII,PUBLISHING,1,"Western Downs GPH",WDGPH1,WDGPH2,QLD1,0.00000000,Solar,"Estimate - Other"
D,CO2EII,PUBLISHING,1,"Windy Hill Wind Farm",WHILL1,WHILL1,QLD1,0.00000000,Wind,ISP2020
D,CO2EII,PUBLISHING,1,"Whitsunday Solar Farm",WHITSF1,WHITSF1,QLD1,0.00000000,Solar,ISP2020
D,CO2EII,PUBLISHING,1,"WIVENHOE SMALL HYDRO",WIVENSH,WIVENSH,QLD1,0.00000000,Hydro,ISP2020
D,CO2EII,PUBLISHING,1,"Townsville Gas Turbine",YABULU,YABULU,QLD1,0.50921217,"Natural Gas (Pipeline)",ISP2020
D,CO2EII,PUBLISHING,1,"Townsville Gas Turbine",YABULU2,YABULU2,QLD1,0.50921217,"Natural Gas (Pipeline)",ISP2020
D,CO2EII,PUBLISHING,1,"Yarranlea Solar Farm",YARANSF1,YARANSF1,QLD1,0.00000000,Solar,ISP2020
D,CO2EII,PUBLISHING,1,"Yarwun Power Station",YARWUN_1,YARWN1_1,QLD1,0.61324941,"Natural Gas (Pipeline)",ISP2020
D,CO2EII,PUBLISHING,1,"Adelaide Desalination Plant",ADPBA1G,ADPBA1G,SA1,0.00000000,"Battery Storage","Estimate - Other"
D,CO2EII,PUBLISHING,1,"Adelaide Desalination Plant",ADPMH1,ADPMH1,SA1,0.00000000,Hydro,"ISP 2020"
D,CO2EII,PUBLISHING,1,"Adelaide Desalination Plant",ADPPV1,ADPPV1,SA1,0.00000000,Solar,"ISP 2020"
D,CO2EII,PUBLISHING,1,"Adelaide Desalination Plant",ADPPV2,ADPPV2,SA1,0.00000000,Solar,"ISP 2020"
D,CO2EII,PUBLISHING,1,"Adelaide Desalination Plant",ADPPV3,ADPPV3,SA1,0.00000000,Solar,"ISP 2020"
D,CO2EII,PUBLISHING,1,"Hallett Power Station",AGLHAL,AGLHAL,SA1,1.17444000,"Natural Gas (Pipeline)",ISP2020
D,CO2EII,PUBLISHING,1,"ANGASTON POWER STATION",ANGAST1,ANGAS1,SA1,1.01360000,"Diesel oil",ISP2020
D,CO2EII,PUBLISHING,1,"ANGASTON POWER STATION",ANGAST1,ANGAS2,SA1,1.01360000,"Diesel oil",ISP2020
D,CO2EII,PUBLISHING,1,"Barker Inlet Power Station",BARKIPS1,BARKIPS1,SA1,0.50310000,"Natural Gas (Pipeline)",ISP2020
D,CO2EII,PUBLISHING,1,"The Bluff Wind Farm",BLUFF1,BLUFF,SA1,0.00000000,Wind,ISP2020
D,CO2EII,PUBLISHING,1,"Bungala One Solar Farm",BNGSF1,BNGSF1,SA1,0.00000000,Solar,ISP2020
D,CO2EII,PUBLISHING,1,"Bungala Two Solar Farm",BNGSF2,BNGSF2,SA1,0.00000000,Solar,ISP2020
D,CO2EII,PUBLISHING,1,"Bolivar Waste Water Treatment Plant",BOLIVAR1,BOLIVAR1,SA1,0.35700000,"Other Biofuels","NGA 2020"
D,CO2EII,PUBLISHING,1,"Bolivar Waste Water Treatment Plant",BOWWBA1G,BOWWBA1G,SA1,0.00000000,"Battery Storage","Estimate - Other"
D,CO2EII,PUBLISHING,1,"Bolivar Waste Water Treatment Plant",BOWWDG1,BOWWDG1,SA1,0.95600000,"Diesel oil","Estimate - Other"
D,CO2EII,PUBLISHING,1,"Bolivar Waste Water Treatment Plant",BOWWPV1,BOWWPV1,SA1,0.00000000,Solar,"Estimate - Other"
D,CO2EII,PUBLISHING,1,"CATHEDRAL ROCKS",CATHROCK,CATHROCK,SA1,0.00000000,Wind,ISP2020
D,CO2EII,PUBLISHING,1,"Clements Gap Wind Farm",CLEMGPWF,CLEMGPWF,SA1,0.00000000,Wind,ISP2020
D,CO2EII,PUBLISHING,1,"CANUNDA WIND FARM ",CNUNDAWF,CNUNDAWF,SA1,0.00000000,Wind,"ISP 2020"
D,CO2EII,PUBLISHING,1,"Dalrymple North BESS",DALNTH01,DALNTH01,SA1,0.00000000,"Battery Storage",ISP2020
D,CO2EII,PUBLISHING,1,"Dry Creek Gas Turbine Station",DRYCGT1,DRYCGT1,SA1,1.34256000,"Natural Gas (Pipeline)",ISP2020
D,CO2EII,PUBLISHING,1,"Dry Creek Gas Turbine Station",DRYCGT2,DRYCGT2,SA1,1.34256000,"Natural Gas (Pipeline)",ISP2020
D,CO2EII,PUBLISHING,1,"Dry Creek Gas Turbine Station",DRYCGT3,DRYCGT3,SA1,1.34256000,"Natural Gas (Pipeline)",ISP2020
D,CO2EII,PUBLISHING,1,"Dry Creek Gas Turbine Station",DRYCNL,DRYCNL1,SA1,1.34256000,"Natural Gas (Pipeline)",ISP2020
D,CO2EII,PUBLISHING,1,"Dry Creek Gas Turbine Station",DRYCNL,DRYCNL2,SA1,1.34256000,"Natural Gas (Pipeline)",ISP2020
D,CO2EII,PUBLISHING,1,"Hallett 1 Wind Farm",HALLWF1,HALLWF1,SA1,0.00000000,Wind,ISP2020
D,CO2EII,PUBLISHING,1,"Hallett 2 Wind Farm",HALLWF2,HALLWF2,SA1,0.00000000,Wind,ISP2020
D,CO2EII,PUBLISHING,1,"Hornsdale Wind Farm",HDWF1,HDWF1,SA1,0.00000000,Wind,ISP2020
D,CO2EII,PUBLISHING,1,"Hornsdale Wind Farm 2",HDWF2,HDWF2,SA1,0.00000000,Wind,ISP2020
D,CO2EII,PUBLISHING,1,"Hornsdale Wind Farm 3",HDWF3,HDWF3,SA1,0.00000000,Wind,ISP2020
D,CO2EII,PUBLISHING,1,"Hornsdale Power Reserve",HPRG1,HPRG1,SA1,0.00000000,"Battery Storage",ISP2020
D,CO2EII,PUBLISHING,1,"Ladbroke Grove Power Station",LADBROK1,LADBROK1,SA1,0.65355200,"Natural Gas (Pipeline)",ISP2020
D,CO2EII,PUBLISHING,1,"Ladbroke Grove Power Station",LADBROK2,LADBROK2,SA1,0.65355200,"Natural Gas (Pipeline)",ISP2020
D,CO2EII,PUBLISHING,1,"Lake Bonney BESS1",LBBG1,LBBG1,SA1,0.00000000,"Battery Storage",ISP2020
D,CO2EII,PUBLISHING,1,"Lincoln Gap Wind Farm",LGAPWF1,LGAPWF1,SA1,0.00000000,Wind,"ISP 2020"
D,CO2EII,PUBLISHING,1,"Lincoln Gap Wind Farm",LGAPWF2,LGAPWF2,SA1,0.00000000,Wind,"ISP 2020"
D,CO2EII,PUBLISHING,1,"Lake Bonney Wind Farm Stage 1",LKBONNY1,LKBONNY1,SA1,0.00000000,Wind,"ISP 2020"
D,CO2EII,PUBLISHING,1,"Lake Bonney Stage 2 Windfarm",LKBONNY2,LKBONNEY2A,SA1,0.00000000,Wind,ISP2020
D,CO2EII,PUBLISHING,1,"Lake Bonney Stage 2 Windfarm",LKBONNY2,LKBONNEY2B,SA1,0.00000000,Wind,ISP2020
D,CO2EII,PUBLISHING,1,"Lake Bonney Stage 3 Wind Farm",LKBONNY3,LKBONY3_1,SA1,0.00000000,Wind,ISP2020
D,CO2EII,PUBLISHING,1,"Lonsdale Power Station",LONSDALE,LONSDAL1,SA1,1.49180000,"Diesel oil",ISP2020
D,CO2EII,PUBLISHING,1,"Lonsdale Power Station",LONSDALE,LONSDAL2,SA1,1.49180000,"Diesel oil",ISP2020
D,CO2EII,PUBLISHING,1,"Mannum-Adelaide Pipeline Pumping Station No 2",MAPS2PV1,MAPS2PV1,SA1,0.00000000,Solar,"Estimate - Other"
D,CO2EII,PUBLISHING,1,"Mintaro Gas Turbine Station",MINTARO,MINTARO,SA1,0.95237714,"Natural Gas (Pipeline)",ISP2020
D,CO2EII,PUBLISHING,1,"Mintaro Gas Turbine Station",MINTNL1,MINTNL1,SA1,0.95237714,"Natural Gas (Pipeline)",ISP2020
D,CO2EII,PUBLISHING,1,"Mt Millar Wind Farm",MTMILLAR,MTMILLAR,SA1,0.00000000,Wind,ISP2020
D,CO2EII,PUBLISHING,1,"Morgan-Whyalla Pipeline Pumping Station No 1",MWPS1PV1,MWPS1PV1,SA1,0.00000000,Solar,"Estimate - Other"
D,CO2EII,PUBLISHING,1,"Morgan-Whyalla Pipeline Pumping Station No 2",MWPS2PV1,MWPS2PV1,SA1,0.00000000,Solar,"Estimate - Other"
D,CO2EII,PUBLISHING,1,"Morgan-Whyalla Pipeline Pumping Station No 3",MWPS3PV1,MWPS3PV1,SA1,0.00000000,Solar,ISP2020
D,CO2EII,PUBLISHING,1,"Morgan-Whyalla Pipeline Pumping Station No 4",MWPS4PV1,MWPS4PV1,SA1,0.00000000,Solar,"Estimate - Other"
D,CO2EII,PUBLISHING,1,"North Brown Hill Wind Farm",NBHWF1,NBHWF1,SA1,0.00000000,Wind,ISP2020
D,CO2EII,PUBLISHING,1,"OSBORNE POWER STATION",OSB-AG,OSB01,SA1,0.54468571,"Natural Gas (Pipeline)",ISP2020
D,CO2EII,PUBLISHING,1,"OSBORNE POWER STATION",OSB-AG,OSB02,SA1,0.54468571,"Natural Gas (Pipeline)",ISP2020
D,CO2EII,PUBLISHING,1,"Port Lincoln Gas Turbine",POR01,POR01,SA1,1.44585846,"Diesel oil",ISP2020
D,CO2EII,PUBLISHING,1,"Port Lincoln Gas Turbine",POR03,POR03,SA1,1.44585846,"Diesel oil",ISP2020
D,CO2EII,PUBLISHING,1,"Pelican Point Power Station",PPCCGT,PPGT11,SA1,0.47370750,"Natural Gas (Pipeline)",ISP2020
D,CO2EII,PUBLISHING,1,"Pelican Point Power Station",PPCCGT,PPGT12,SA1,0.47370750,"Natural Gas (Pipeline)",ISP2020
D,CO2EII,PUBLISHING,1,"Pelican Point Power Station",PPCCGT,PPST18,SA1,0.47370750,"Natural Gas (Pipeline)","ISP 2018"
D,CO2EII,PUBLISHING,1,"Pt Stanvac Power Station",PTSTAN1,STANV1,SA1,1.49180000,"Diesel oil",ISP2020
D,CO2EII,PUBLISHING,1,"Pt Stanvac Power Station",PTSTAN1,STANV2,SA1,1.49180000,"Diesel oil",ISP2020
D,CO2EII,PUBLISHING,1,"Quarantine Power Station",QPS1,QPS1,SA1,0.79995938,"Natural Gas (Pipeline)",ISP2020
D,CO2EII,PUBLISHING,1,"Quarantine Power Station",QPS3,QPS3,SA1,0.79995938,"Natural Gas (Pipeline)","ISP 2020"
D,CO2EII,PUBLISHING,1,"Quarantine Power Station",QPS5,QPS5,SA1,0.79995938,"Natural Gas (Pipeline)",ISP2020
D,CO2EII,PUBLISHING,1,"Temporary Generation South",SATGS1,SATGS1,SA1,0.78500000,"Diesel oil","NGA 2020"
D,CO2EII,PUBLISHING,1,"Snapper Point Power Station",SNAPPER1,SNAPPER1,SA1,0.79000000,"Diesel oil","NGA 2020"
D,CO2EII,PUBLISHING,1,"Snowtown Wind Farm Stage 2 North",SNOWNTH1,SNOWNTH1,SA1,0.00000000,Wind,ISP2020
D,CO2EII,PUBLISHING,1,"Snowtown South Wind Farm",SNOWSTH1,SNOWSTH1,SA1,0.00000000,Wind,ISP2020
D,CO2EII,PUBLISHING,1,"Snowtown Wind Farm Units 1 And 47",SNOWTWN1,SNOWTWN1,SA1,0.00000000,Wind,ISP2020
D,CO2EII,PUBLISHING,1,"SNUGGERY POWER STATION",SNUG1,SNUG1,SA1,1.44835077,"Diesel oil",ISP2020
D,CO2EII,PUBLISHING,1,"SNUGGERY POWER STATION",SNUG1,SNUG2,SA1,1.44835077,"Diesel oil",ISP2020
D,CO2EII,PUBLISHING,1,"SNUGGERY POWER STATION",SNUG1,SNUG3,SA1,1.44835077,"Diesel oil",ISP2020
D,CO2EII,PUBLISHING,1,"SNUGGERY POWER STATION",SNUGNL1,SNUGNL1,SA1,1.44835077,"Diesel oil",ISP2020
D,CO2EII,PUBLISHING,1,"Starfish Hill Wind Farm",STARHLWF,STARHLWF,SA1,0.00000000,Wind,ISP2020
D,CO2EII,PUBLISHING,1,"Tataria Bordertown Plant",TATIARA1,TATIARA1,SA1,0.78500000,"Diesel oil","NGA 2020"
D,CO2EII,PUBLISHING,1,"Tailem Bend Solar Project 1",TBSF1,TBSF1,SA1,0.00000000,Solar,ISP2020
D,CO2EII,PUBLISHING,1,"TORRENS ISLAND POWER STATION",TORNL1,TORNL1,SA1,0.61800000,"Natural Gas (Pipeline)","NGA 2020"
D,CO2EII,PUBLISHING,1,"TORRENS ISLAND POWER STATION",TORRA3,TORRA3,SA1,0.70856000,"Natural Gas (Pipeline)",ISP2020
D,CO2EII,PUBLISHING,1,"TORRENS ISLAND POWER STATION",TORRB1,TORRB1,SA1,0.68115000,"Natural Gas (Pipeline)",ISP2020
D,CO2EII,PUBLISHING,1,"TORRENS ISLAND POWER STATION",TORRB2,TORRB2,SA1,0.68115000,"Natural Gas (Pipeline)",ISP2020
D,CO2EII,PUBLISHING,1,"TORRENS ISLAND POWER STATION",TORRB3,TORRB3,SA1,0.68115000,"Natural Gas (Pipeline)",ISP2020
D,CO2EII,PUBLISHING,1,"TORRENS ISLAND POWER STATION",TORRB4,TORRB4,SA1,0.68115000,"Natural Gas (Pipeline)",ISP2020
D,CO2EII,PUBLISHING,1,"Waterloo Wind Farm",WATERLWF,WATERLWF,SA1,0.00000000,Wind,ISP2020
D,CO2EII,PUBLISHING,1,"Willogoleche Wind Farm",WGWF1,WGWF1,SA1,0.00000000,Wind,ISP2020
D,CO2EII,PUBLISHING,1,"Wingfield 1 Landfill Gas Power Station",WINGF1_1,WINGF1_1,SA1,0.08300000,"Landfill biogas methane","NGA 2020"
D,CO2EII,PUBLISHING,1,"Wingfield 2 Landfill Gas Power Station",WINGF2_1,WINGF2_1,SA1,0.08300000,"Landfill biogas methane","NGA 2020"
D,CO2EII,PUBLISHING,1,"Wattle Point Wind Farm",WPWF,WPWF,SA1,0.00000000,Wind,"ISP 2020"
D,CO2EII,PUBLISHING,1,"Bastyan Power Station",BASTYAN,BASTYAN,TAS1,0.00000000,Hydro,ISP2020
D,CO2EII,PUBLISHING,1,"Bell Bay Three Power Station",BBTHREE1,BBTHREE1,TAS1,0.66468414,"Natural Gas (Pipeline)",ISP2020
D,CO2EII,PUBLISHING,1,"Bell Bay Three Power Station",BBTHREE2,BBTHREE2,TAS1,0.66468414,"Natural Gas (Pipeline)",ISP2020
D,CO2EII,PUBLISHING,1,"Bell Bay Three Power Station",BBTHREE3,BBTHREE3,TAS1,0.66468414,"Natural Gas (Pipeline)",ISP2020
D,CO2EII,PUBLISHING,1,"Butlers Gorge Power Station",BUTLERSG,BUTLERSG,TAS1,0.00000000,Hydro,ISP2020
D,CO2EII,PUBLISHING,1,"Cethana Power Station",CETHANA,CETHANA,TAS1,0.00000000,Hydro,ISP2020
D,CO2EII,PUBLISHING,1,"Cluny Power Station",CLUNY,CLUNY,TAS1,0.00000000,Hydro,ISP2020
D,CO2EII,PUBLISHING,1,"Cattle Hill Wind Farm",CTHLWF1,CTHLWF1,TAS1,0.00000000,Wind,ISP2020
D,CO2EII,PUBLISHING,1,"Devils Gate Power Station",DEVILS_G,DEVILS_G,TAS1,0.00000000,Hydro,ISP2020
D,CO2EII,PUBLISHING,1,"Fisher Power Station",FISHER,FISHER,TAS1,0.00000000,Hydro,ISP2020
D,CO2EII,PUBLISHING,1,"Gordon Power Station",GORDON,GORDON,TAS1,0.00000000,Hydro,ISP2020
D,CO2EII,PUBLISHING,1,"Gordon Power Station",GOVILLB1,GOVILLB1,TAS1,0.00000000,Hydro,ISP2020
D,CO2EII,PUBLISHING,1,"Granville Harbour Wind Farm",GRANWF1,GRANWF1,TAS1,0.00000000,Wind,ISP2020
D,CO2EII,PUBLISHING,1,"John Butters Power Station",JBUTTERS,JBUTTERS,TAS1,0.00000000,Hydro,ISP2020
D,CO2EII,PUBLISHING,1,"Catagunya / Liapootah / Wayatinah Power Station",L_W_CNL1,L_W_CNL1,TAS1,0.00000000,Hydro,ISP2020
D,CO2EII,PUBLISHING,1,"Lemonthyme / Wilmot Power Station",LEM_WIL,LEM_WIL,TAS1,0.00000000,Hydro,ISP2020
D,CO2EII,PUBLISHING,1,"Catagunya / Liapootah / Wayatinah Power Station",LI_WY_CA,LI_WY_CA,TAS1,0.00000000,Hydro,"Estimate - Other"
D,CO2EII,PUBLISHING,1,"Lake Echo Power Station",LK_ECHO,LK_ECHO,TAS1,0.00000000,Hydro,ISP2020
D,CO2EII,PUBLISHING,1,"Mackintosh Power Station",MACKNTSH,MACKNTSH,TAS1,0.00000000,Hydro,ISP2020
D,CO2EII,PUBLISHING,1,"Meadowbank Power Station",MEADOWBK,MEADOWBK,TAS1,0.00000000,Hydro,ISP2020
D,CO2EII,PUBLISHING,1,"Musselroe Wind Farm",MUSSELR1,MUSSELR1,TAS1,0.00000000,Wind,ISP2020
D,CO2EII,PUBLISHING,1,"Paloona Power Station",PALOONA,PALOONA,TAS1,0.00000000,Hydro,ISP2020
D,CO2EII,PUBLISHING,1,"Poatina Power Station",PO110NL1,PO110NL1,TAS1,0.00000000,Hydro,ISP2020
D,CO2EII,PUBLISHING,1,"Poatina Power Station",POAT110,PTINA110,TAS1,0.00000000,Hydro,ISP2020
D,CO2EII,PUBLISHING,1,"Poatina Power Station",POAT220,PTINA220,TAS1,0.00000000,Hydro,ISP2020
D,CO2EII,PUBLISHING,1,"Reece Power Station",REECE1,REECE1,TAS1,0.00000000,Hydro,ISP2020
D,CO2EII,PUBLISHING,1,"Reece Power Station",REECE2,REECE2,TAS1,0.00000000,Hydro,ISP2020
D,CO2EII,PUBLISHING,1,"Repulse Power Station",REPULSE,REPULSE,TAS1,0.00000000,Hydro,"NTNDP 2014"
D,CO2EII,PUBLISHING,1,"Tarraleah Power Station",TARRALEA,TARRALEA,TAS1,0.00000000,Hydro,ISP2020
D,CO2EII,PUBLISHING,1,"Trevallyn Power Station",TREVALLN,TREVALLN,TAS1,0.00000000,Hydro,"Estimate - Other"
D,CO2EII,PUBLISHING,1,"Tribute Power Station",TRIBNL1,TRIBNL1,TAS1,0.00000000,Hydro,ISP2020
D,CO2EII,PUBLISHING,1,"Tribute Power Station",TRIBUTE,TRIBUTE,TAS1,0.00000000,Hydro,ISP2020
D,CO2EII,PUBLISHING,1,"Tungatinah Power Station",TUNGATIN,TUNGATIN,TAS1,0.00000000,Hydro,ISP2020
D,CO2EII,PUBLISHING,1,"Tamar Valley Combined Cycle Power Station",TVCC201,TVCC_GT1,TAS1,0.70261714,"Natural Gas (Pipeline)",ISP2020
D,CO2EII,PUBLISHING,1,"Bell Bay Three Power Station",TVPP104,TVPP104,TAS1,0.66468414,"Natural Gas (Pipeline)",ISP2020
D,CO2EII,PUBLISHING,1,"Woolnorth Studland Bay / Bluff Point Wind Farm",WOOLNTH1,WOOLNTH1,TAS1,0.00000000,Wind,ISP2020
D,CO2EII,PUBLISHING,1,"Catagunya / Liapootah / Wayatinah Power Station",WYA252B1,WYA252B1,TAS1,0.00000000,Hydro,ISP2020
D,CO2EII,PUBLISHING,1,"Catagunya / Liapootah / Wayatinah Power Station",WYB252B1,WYB252B1,TAS1,0.00000000,Hydro,ISP2020
D,CO2EII,PUBLISHING,1,"Somerton Power Station",AGLSOM,AGLSOM,VIC1,0.81791500,"Natural Gas (Pipeline)",ISP2020
D,CO2EII,PUBLISHING,1,"Ararat Wind Farm",ARWF1,ARWF1_1,VIC1,0.00000000,Wind,ISP2020
D,CO2EII,PUBLISHING,1,"Ballarat Battery Energy Storage System",BALBG1,BALBG1,VIC1,0.00000000,"Battery Storage",ISP2020
D,CO2EII,PUBLISHING,1,"Bald Hills Wind Farm",BALDHWF1,BALDHWF1,VIC1,0.00000000,Wind,ISP2020
D,CO2EII,PUBLISHING,1,"Bald Hills Wind Farm",BALDHWF1,BALDHWF2,VIC1,0.00000000,Wind,ISP2020
D,CO2EII,PUBLISHING,1,"Bannerton Solar Park",BANN1,BANN1,VIC1,0.00000000,Solar,ISP2020
D,CO2EII,PUBLISHING,1,"Bannerton Solar Park",BANN1,BANN2,VIC1,0.00000000,Solar,ISP2020
D,CO2EII,PUBLISHING,1,"Banimboola Power Station",BAPS,BAPS,VIC1,0.00000000,Hydro,ISP2020
D,CO2EII,PUBLISHING,1,"Ballarat Base Hospital Plant",BBASEHOS,BBASEH_1,VIC1,0.61800000,"Natural Gas (Pipeline)","NGA 2020"
D,CO2EII,PUBLISHING,1,"Ballarat Base Hospital Plant",BBASEHOS,BBASEH_2,VIC1,0.61800000,"Natural Gas (Pipeline)","NGA 2020"
D,CO2EII,PUBLISHING,1,"Ballarat Base Hospital Plant",BBASEHOS,BBASEH_3,VIC1,0.78500000,"Diesel oil","NGA 2020"
D,CO2EII,PUBLISHING,1,"Bairnsdale Power Station",BDL01,BDL01,VIC1,0.56520847,"Natural Gas (Pipeline)",ISP2020
D,CO2EII,PUBLISHING,1,"Bairnsdale Power Station",BDL02,BDL02,VIC1,0.56520847,"Natural Gas (Pipeline)",ISP2020
D,CO2EII,PUBLISHING,1,"Broadmeadows Landfill Gas Power Station",BROADMDW,BROADMDW,VIC1,0.08300000,"Landfill biogas methane","NGA 2020"
D,CO2EII,PUBLISHING,1,"Brooklyn LFG U1-3",BROOKLYN,BROOKLYN,VIC1,0.08300000,"Landfill biogas methane","NGA 2020"
D,CO2EII,PUBLISHING,1,"Berrybank 1 Wind Farm",BRYB1WF1,BRYB1WF1,VIC1,0.00000000,Wind,"Estimate - Other"
D,CO2EII,PUBLISHING,1,"Bulgana Green Power Hub",BULBESG1,BULBESG1,VIC1,0.00000000,"Battery Storage","Estimate - Other"
D,CO2EII,PUBLISHING,1,"Bulgana Green Power Hub",BULGANA1,BULGANA1,VIC1,0.00000000,Wind,"Estimate - Other"
D,CO2EII,PUBLISHING,1,"Bulgana Green Power Hub",BULGANA1,BULGANA2,VIC1,0.00000000,Wind,"Estimate - Other"
D,CO2EII,PUBLISHING,1,"Coonoer Bridge Wind Farm",CBWF1,CBWF,VIC1,0.00000000,Wind,ISP2020
D,CO2EII,PUBLISHING,1,"Challicum Hills Wind Farm",CHALLHWF,CHALLHWF,VIC1,0.00000000,Wind,"NTNDP 2014"
D,CO2EII,PUBLISHING,1,"Chepstowe Wind Farm",CHPSTWF1,CHPSTWF1,VIC1,0.00000000,Wind,ISP2020
D,CO2EII,PUBLISHING,1,"Cherry Tree Wind Farm",CHYTWF1,CHYTWF1,VIC1,0.00000000,Wind,ISP2020
D,CO2EII,PUBLISHING,1,"Clayton Landfill Gas Power Station",CLAYTON,CLAYTON,VIC1,0.08300000,"Landfill biogas methane","NGA 2020"
D,CO2EII,PUBLISHING,1,"Codrington Wind Farm",CODRNGTON,CODRNGTON,VIC1,0.00000000,Wind,ISP2020
D,CO2EII,PUBLISHING,1,"Cohuna Solar Farm",COHUNSF1,COHUNSF1,VIC1,0.00000000,Solar,"Estimate - Other"
D,CO2EII,PUBLISHING,1,"Cohuna Solar Farm",COHUNSF1,COHUNSF2,VIC1,0.00000000,Solar,"Estimate - Other"
D,CO2EII,PUBLISHING,1,"Corio Landfill Gas Power Station",CORIO1,CORIO1,VIC1,0.08300000,"Landfill biogas methane","NGA 2020"
D,CO2EII,PUBLISHING,1,"Crowlands Wind Farm",CROWLWF1,CROWLWF1,VIC1,0.00000000,Wind,ISP2020
D,CO2EII,PUBLISHING,1,"DARTMOUTH POWER STATION",DARTM1,DARTM1,VIC1,0.00000000,Hydro,"ISP 2020"
D,CO2EII,PUBLISHING,1,"Diapur Wind Farm",DIAPURWF1,DIAPUR,VIC1,0.00000000,Wind,"ISP 2020"
D,CO2EII,PUBLISHING,1,"Dundonnell Wind Farm",DUNDWF1,DUNDWF1,VIC1,0.00000000,Wind,ISP2020
D,CO2EII,PUBLISHING,1,"Dundonnell Wind Farm",DUNDWF2,DUNDWF2,VIC1,0.00000000,Wind,ISP2020
D,CO2EII,PUBLISHING,1,"Dundonnell Wind Farm",DUNDWF3,DUNDWF3,VIC1,0.00000000,Wind,ISP2020
D,CO2EII,PUBLISHING,1,"EILDON POWER STATION",EILDON1,EILDON1,VIC1,0.00000000,Hydro,"ISP 2020"
D,CO2EII,PUBLISHING,1,"EILDON POWER STATION",EILDON2,EILDON2,VIC1,0.00000000,Hydro,"ISP 2020"
D,CO2EII,PUBLISHING,1,"Eildon Power Station",EILDON3,EILDON3,VIC1,0.00000000,Hydro,ISP2020
D,CO2EII,PUBLISHING,1,"Elaine Wind Farm",ELAINWF1,ELAINWF1,VIC1,0.00000000,Wind,ISP2020
D,CO2EII,PUBLISHING,1,"Ferguson North Wind Farm",FNWF1,FNWF1,VIC1,0.00000000,Wind,ISP2020
D,CO2EII,PUBLISHING,1,"Ferguson South Wind Farm",FSWF1,FSWF1,VIC1,0.00000000,Wind,"Estimate - Other"
D,CO2EII,PUBLISHING,1,"Gannawarra Energy Storage System",GANNBG1,GANNBG1,VIC1,0.00000000,"Battery Storage",ISP2020
D,CO2EII,PUBLISHING,1,"Gannawarra Solar Farm",GANNSF1,GANNSF1,VIC1,0.00000000,Solar,ISP2020
D,CO2EII,PUBLISHING,1,"Gannawarra Solar Farm",GANNSF1,GANNSF2,VIC1,0.00000000,Solar,ISP2020
D,CO2EII,PUBLISHING,1,"Gannawarra Solar Farm",GANNSF1,GANNSFL1,VIC1,0.00000000,Solar,ISP2020
D,CO2EII,PUBLISHING,1,"Glenmaggie Hydro Power Station",GLENMAG1,GLENMAG1,VIC1,0.00000000,Hydro,ISP2020
D,CO2EII,PUBLISHING,1,"Glenrowan West Solar Farm",GLRWNSF1,GLRWNSF1,VIC1,0.00000000,Solar,"Estimate - Other"
D,CO2EII,PUBLISHING,1,"HALLAM ROAD RENEWABLE ENERGY FACILITY",HALAMRD1,HALAMRD1,VIC1,0.08300000,"Landfill biogas methane","NGA 2020"
D,CO2EII,PUBLISHING,1,"Hepburn Community Wind Farm",HEPWIND1,HEPWIND1,VIC1,0.00000000,Wind,ISP2020
D,CO2EII,PUBLISHING,1,"South East Water - Halllam Hydro Plant",HLMSEW01,HLMSEW01,VIC1,0.00000000,Hydro,ISP2020
D,CO2EII,PUBLISHING,1,"Hume (Vic) Hydro Power Station",HUMEV,HUMEV1,VIC1,0.00000000,Hydro,ISP2020
D,CO2EII,PUBLISHING,1,"Jeeralang ""A"" Power Station",JLA01,JLA01,VIC1,0.87940454,"Natural Gas (Pipeline)",ISP2020
D,CO2EII,PUBLISHING,1,"Jeeralang ""B"" Power Station",JLB01,JLB01,VIC1,0.87940454,"Natural Gas (Pipeline)",ISP2020
D,CO2EII,PUBLISHING,1,"Karadoc Solar Farm",KARSF1,KARSF1,VIC1,0.00000000,Solar,ISP2020
D,CO2EII,PUBLISHING,1,"Kiamal Solar Farm",KIAMSF1,KIAMSF11,VIC1,0.00000000,Solar,ISP2020
D,CO2EII,PUBLISHING,1,"Kiamal Solar Farm",KIAMSF1,KIAMSF12,VIC1,0.00000000,Solar,ISP2020
D,CO2EII,PUBLISHING,1,"Kiata Wind Farm",KIATAWF1,KIATAWF1,VIC1,0.00000000,Wind,ISP2020
D,CO2EII,PUBLISHING,1,"Laverton North Power Station",LNGS1,LNGS1,VIC1,0.79017987,"Natural Gas (Pipeline)",ISP2020
D,CO2EII,PUBLISHING,1,"Laverton North Power Station",LNGS2,LNGS2,VIC1,0.79017987,"Natural Gas (Pipeline)",ISP2020
D,CO2EII,PUBLISHING,1,"LONGFORD PLANT",LONGFORD,LONGFORD,VIC1,0.61800000,"Natural Gas (Pipeline)","NGA 2020"
D,CO2EII,PUBLISHING,1,"LOY YANG B POWER STATION",LOYYB1,LOYYB1,VIC1,1.14102135,"Brown coal",ISP2020
D,CO2EII,PUBLISHING,1,"LOY YANG B POWER STATION",LOYYB2,LOYYB2,VIC1,1.14102135,"Brown coal",ISP2020
D,CO2EII,PUBLISHING,1,"LOY YANG A POWER STATION",LYA1,LYA1,VIC1,1.15481765,"Brown coal",ISP2020
D,CO2EII,PUBLISHING,1,"LOY YANG A POWER STATION",LYA2,LYA2,VIC1,1.15481765,"Brown coal",ISP2020
D,CO2EII,PUBLISHING,1,"LOY YANG A POWER STATION",LYA3,LYA3,VIC1,1.15481765,"Brown coal",ISP2020
D,CO2EII,PUBLISHING,1,"LOY YANG A POWER STATION",LYA4,LYA4,VIC1,1.15481765,"Brown coal",ISP2020
D,CO2EII,PUBLISHING,1,"LOY YANG A POWER STATION",LYNL1,LYNL1,VIC1,1.15481765,"Brown coal",ISP2020
D,CO2EII,PUBLISHING,1,"Macarthur Wind Farm",MACARTH1,MACARTH1,VIC1,0.00000000,Wind,ISP2020
D,CO2EII,PUBLISHING,1,"Maroona Wind Farm",MAROOWF1,MAROOWF1,VIC1,0.00000000,Wind,ISP2020
D,CO2EII,PUBLISHING,1,"Bogong / Mackay Power Station",MCKAY1,BOGONG1,VIC1,0.00000000,Hydro,"ISP 2020"
D,CO2EII,PUBLISHING,1,"Bogong / Mackay Power Station",MCKAY1,BOGONG2,VIC1,0.00000000,Hydro,"ISP 2020"
D,CO2EII,PUBLISHING,1,"Bogong / Mackay Power Station",MCKAY1,MCKAY1,VIC1,0.00000000,Hydro,"ISP 2020"
D,CO2EII,PUBLISHING,1,"Bogong / Mackay Power Station",MCKAY1,MCKAY2,VIC1,0.00000000,Hydro,"ISP 2020"
D,CO2EII,PUBLISHING,1,"Bogong / Mackay Power Station",MCKAY1,MCKAY3,VIC1,0.00000000,Hydro,"ISP 2020"
D,CO2EII,PUBLISHING,1,"Mt Mercer Wind Farm",MERCER01,MERCER01,VIC1,0.00000000,Wind,ISP2020
D,CO2EII,PUBLISHING,1,"Mortons Lane Wind Farm",MLWF1,MLWF1,VIC1,0.00000000,Wind,ISP2020
D,CO2EII,PUBLISHING,1,"Moorabool Wind Farm",MOORAWF1,MOORAWF1,VIC1,0.00000000,Wind,ISP2020
D,CO2EII,PUBLISHING,1,"Mortlake Power Station",MORTLK11,MORTLK11,VIC1,0.57343625,"Natural Gas (Pipeline)",ISP2020
D,CO2EII,PUBLISHING,1,"Mortlake Power Station",MORTLK12,MORTLK12,VIC1,0.57343625,"Natural Gas (Pipeline)",ISP2020
D,CO2EII,PUBLISHING,1,"Mt Gellibrand Wind Farm",MTGELWF1,MTGELWF1,VIC1,0.00000000,Wind,ISP2020
D,CO2EII,PUBLISHING,1,"Mt Gellibrand Wind Farm",MTGELWF1,MTGELWF2,VIC1,0.00000000,Wind,ISP2020
D,CO2EII,PUBLISHING,1,"Murray Power Station",MURAYNL1,MURAYNL1,VIC1,0.00000000,Hydro,ISP2020
D,CO2EII,PUBLISHING,1,"Murray Power Station",MURAYNL2,MURAYNL2,VIC1,0.00000000,Hydro,ISP2020
D,CO2EII,PUBLISHING,1,"Murray Power Station",MURAYNL3,MURAYNL3,VIC1,0.00000000,Hydro,ISP2020
D,CO2EII,PUBLISHING,1,"Murray Power Station",MURRAY,MURRAY,VIC1,0.00000000,Hydro,ISP2020
D,CO2EII,PUBLISHING,1,"Murra Warra Wind Farm",MUWAWF1,MUWAWF1,VIC1,0.00000000,Wind,ISP2020
D,CO2EII,PUBLISHING,1,"NEWPORT POWER STATION",NPS,NPS,VIC1,0.57005405,"Natural Gas (Pipeline)",ISP2020
D,CO2EII,PUBLISHING,1,"Numurkah Solar Farm",NUMURSF1,NUMURSF1,VIC1,0.00000000,Solar,ISP2020
D,CO2EII,PUBLISHING,1,"Numurkah Solar Farm",NUMURSF1,NUMURSF2,VIC1,0.00000000,Solar,ISP2020
D,CO2EII,PUBLISHING,1,"Oaklands Hill Wind Farm",OAKLAND1,OAKLAND1,VIC1,0.00000000,Wind,ISP2020
D,CO2EII,PUBLISHING,1,"Salt Creek Wind Farm",SALTCRK1,SALTCRK1,VIC1,0.00000000,Wind,ISP2020
D,CO2EII,PUBLISHING,1,"Shepparton Wastewater Treatment Facility",SHEP1,SHEP1,VIC1,0.02300000,"Biomass and industrial materials","NGA 2020"
D,CO2EII,PUBLISHING,1,"Stockyard Hill Wind Farm",STOCKYD1,STOCKYD1,VIC1,0.00000000,Wind,"Estimate - Other"
D,CO2EII,PUBLISHING,1,"Springvale Landfill Gas Power Station",SVALE1,SVALE1,VIC1,0.08300000,"Landfill biogas methane","NGA 2020"
D,CO2EII,PUBLISHING,1,"Tatura Biomass Generator",TATURA01,TATURA01,VIC1,0.02300000,"Biomass and industrial materials","NGA 2020"
D,CO2EII,PUBLISHING,1,"Traralgon Network Support Station",TGNSS1,TGNSS1,VIC1,0.61800000,"Natural Gas (Pipeline)","NGA 2020"
D,CO2EII,PUBLISHING,1,"Timboon West Wind Farm",TIMWEST,TIMWEST,VIC1,0.00000000,Wind,ISP2020
D,CO2EII,PUBLISHING,1,"TOORA WIND FARM",TOORAWF,TOORAWF,VIC1,0.00000000,Wind,ISP2020
D,CO2EII,PUBLISHING,1,"Victorian Big Battery",VBBG1,VBBG1,VIC1,0.00000000,"Battery Storage","ISP 2020"
D,CO2EII,PUBLISHING,1,"Valley Power Peaking Facility",VPGS1,VPGS1,VIC1,0.87154650,"Natural Gas (Pipeline)",ISP2020
D,CO2EII,PUBLISHING,1,"Valley Power Peaking Facility",VPGS2,VPGS2,VIC1,0.87154650,"Natural Gas (Pipeline)","ISP 2018"
D,CO2EII,PUBLISHING,1,"Valley Power Peaking Facility",VPGS3,VPGS3,VIC1,0.87154650,"Natural Gas (Pipeline)","ISP 2018"
D,CO2EII,PUBLISHING,1,"Valley Power Peaking Facility",VPGS4,VPGS4,VIC1,0.87154650,"Natural Gas (Pipeline)","ISP 2018"
D,CO2EII,PUBLISHING,1,"Valley Power Peaking Facility",VPGS5,VPGS5,VIC1,0.87154650,"Natural Gas (Pipeline)","ISP 2018"
D,CO2EII,PUBLISHING,1,"Valley Power Peaking Facility",VPGS6,VPGS6,VIC1,0.87154650,"Natural Gas (Pipeline)","ISP 2018"
D,CO2EII,PUBLISHING,1,"WAUBRA WIND FARM",WAUBRAWF,WAUBWF01,VIC1,0.00000000,Wind,ISP2020
D,CO2EII,PUBLISHING,1,"WAUBRA WIND FARM",WAUBRAWF,WAUBWF02,VIC1,0.00000000,Wind,ISP2020
D,CO2EII,PUBLISHING,1,"Wemen Solar Farm",WEMENSF1,WEMENSF1,VIC1,0.00000000,Solar,ISP2020
D,CO2EII,PUBLISHING,1,"William Hovell Power Station",WILLHOV1,WILLHOV1,VIC1,0.00000000,Hydro,ISP2020
D,CO2EII,PUBLISHING,1,"Winton Solar Farm",WINTSF1,WINTSF1,VIC1,0.00000000,Solar,"Estimate - Other"
D,CO2EII,PUBLISHING,1,"WEST KIEWA POWER STATION",WKIEWA1,WKIEWA1,VIC1,0.00000000,Hydro,"ISP 2020"
D,CO2EII,PUBLISHING,1,"Wollert Renewable Energy Facility",WOLLERT1,WOLLERT1,VIC1,0.08300000,"Landfill biogas methane","NGA 2020"
D,CO2EII,PUBLISHING,1,"Wonthaggi Wind Farm",WONWP,WONWP,VIC1,0.00000000,Wind,ISP2020
D,CO2EII,PUBLISHING,1,"YAMBUK WIND FARM",YAMBUKWF,YAMBUK,VIC1,0.00000000,Wind,ISP2020
D,CO2EII,PUBLISHING,1,"Yatpool Solar Farm",YATSF1,YATSF1,VIC1,0.00000000,Solar,ISP2020
D,CO2EII,PUBLISHING,1,"Yawong Wind Farm",YAWWF1,YAWWF,VIC1,0.00000000,Wind,ISP2020
D,CO2EII,PUBLISHING,1,"Yendon Wind Farm",YENDWF1,YENDWF1,VIC1,0.00000000,Wind,ISP2020
D,CO2EII,PUBLISHING,1,"Yaloak South Wind Farm",YSWF1,YSWF1,VIC1,0.00000000,Wind,ISP2020
D,CO2EII,PUBLISHING,1,"Yarrawonga Hydro Power Station",YWNGAHYD,YWNGAHYD,VIC1,0.00000000,Hydro,ISP2020
D,CO2EII,PUBLISHING,1,"YALLOURN 'W' POWER STATION",YWNL1,YWNL1,VIC1,1.31551489,"Brown coal",ISP2020
D,CO2EII,PUBLISHING,1,"YALLOURN 'W' POWER STATION",YWPS1,YWPS1,VIC1,1.31551489,"Brown coal",ISP2020
D,CO2EII,PUBLISHING,1,"YALLOURN 'W' POWER STATION",YWPS2,YWPS2,VIC1,1.31551489,"Brown coal",ISP2020
D,CO2EII,PUBLISHING,1,"YALLOURN 'W' POWER STATION",YWPS3,YWPS3,VIC1,1.31551489,"Brown coal",ISP2020
D,CO2EII,PUBLISHING,1,"YALLOURN 'W' POWER STATION",YWPS4,YWPS4,VIC1,1.31551489,"Brown coal",ISP2020
C,"END OF REPORT",500
